SEASON_ID,Player_ID,Game_ID,GAME_DATE,MATCHUP,WL,MIN,FGM,FGA,FG_PCT,FG3M,FG3A,FG3_PCT,FTM,FTA,FT_PCT,OREB,DREB,REB,AST,STL,BLK,TOV,PF,PTS,PLUS_MINUS,VIDEO_AVAILABLE
22022,201939,0022201230,"APR 09, 2023",GSW @ POR,W,22,9,15,0.6,5,10,0.5,3,3,1.0,0,5,5,7,0,0,1,0,26,26,1
22022,201939,0022201211,"APR 07, 2023",GSW @ SAC,W,33,8,14,0.571,3,7,0.429,6,7,0.857,1,6,7,6,2,1,5,1,25,33,1
22022,201939,0022201187,"APR 04, 2023",GSW vs. OKC,W,37,11,25,0.44,6,13,0.462,6,6,1.0,0,5,5,6,1,0,0,3,34,14,1
22022,201939,0022201175,"APR 02, 2023",GSW @ DEN,L,37,8,28,0.286,2,14,0.143,3,3,1.0,1,2,3,4,0,2,3,1,21,-5,1
22022,201939,0022201158,"MAR 31, 2023",GSW vs. SAS,W,33,11,21,0.524,7,11,0.636,4,4,1.0,1,1,2,5,0,0,1,1,33,-3,1
22022,201939,0022201135,"MAR 28, 2023",GSW vs. NOP,W,37,14,25,0.56,8,15,0.533,3,4,0.75,2,6,8,8,3,0,4,0,39,12,1
22022,201939,0022201121,"MAR 26, 2023",GSW vs. MIN,L,36,8,23,0.348,4,13,0.308,0,0,0.0,0,6,6,9,1,0,3,3,20,2,1
22022,201939,0022201103,"MAR 24, 2023",GSW vs. PHI,W,38,10,18,0.556,2,7,0.286,7,8,0.875,0,8,8,3,0,0,2,2,29,20,1
22022,201939,0022201086,"MAR 22, 2023",GSW @ DAL,W,35,9,18,0.5,2,8,0.25,0,0,0.0,1,4,5,13,0,0,3,2,20,10,1
22022,201939,0022201074,"MAR 20, 2023",GSW @ HOU,W,36,10,23,0.435,5,15,0.333,5,5,1.0,1,6,7,5,2,1,4,3,30,5,1
22022,201939,0022201061,"MAR 18, 2023",GSW @ MEM,L,30,5,15,0.333,3,8,0.375,3,4,0.75,1,7,8,5,0,0,1,1,16,-10,1
22022,201939,0022201048,"MAR 17, 2023",GSW @ ATL,L,37,12,27,0.444,4,13,0.308,3,3,1.0,2,4,6,5,0,0,6,2,31,-1,1
22022,201939,0022201041,"MAR 15, 2023",GSW @ LAC,L,39,20,28,0.714,8,14,0.571,2,4,0.5,0,2,2,6,2,0,2,1,50,-11,1
22022,201939,0022201025,"MAR 13, 2023",GSW vs. PHX,W,33,7,13,0.538,4,6,0.667,5,6,0.833,2,5,7,5,0,0,5,4,23,14,1
22022,201939,0022201012,"MAR 11, 2023",GSW vs. MIL,W,43,13,27,0.481,6,15,0.4,4,4,1.0,1,5,6,4,2,1,5,1,36,10,1
22022,201939,0022200996,"MAR 09, 2023",GSW @ MEM,L,34,10,19,0.526,4,8,0.5,5,6,0.833,3,4,7,4,1,0,4,3,29,2,1
22022,201939,0022200982,"MAR 07, 2023",GSW @ OKC,L,35,14,23,0.609,10,16,0.625,2,2,1.0,1,5,6,7,0,0,6,4,40,-2,1
22022,201939,0022200964,"MAR 05, 2023",GSW @ LAL,L,32,8,20,0.4,5,13,0.385,6,6,1.0,0,2,2,6,1,0,2,3,27,-12,1
22022,201939,0022200800,"FEB 04, 2023",GSW vs. DAL,W,26,7,11,0.636,2,6,0.333,5,5,1.0,0,6,6,7,0,0,0,2,21,14,1
22022,201939,0022200783,"FEB 02, 2023",GSW @ DEN,L,33,10,17,0.588,5,10,0.5,3,3,1.0,2,3,5,5,0,0,6,4,28,-16,1
22022,201939,0022200774,"FEB 01, 2023",GSW @ MIN,L,42,8,21,0.381,5,12,0.417,8,9,0.889,0,10,10,3,1,1,4,5,29,-5,1
22022,201939,0022200759,"JAN 30, 2023",GSW @ OKC,W,37,12,20,0.6,8,14,0.571,6,6,1.0,1,7,8,12,0,1,4,0,38,17,1
22022,201939,0022200740,"JAN 27, 2023",GSW vs. TOR,W,39,13,21,0.619,4,8,0.5,5,5,1.0,0,7,7,11,2,0,3,1,35,13,1
22022,201939,0022200726,"JAN 25, 2023",GSW vs. MEM,W,35,10,19,0.526,4,8,0.5,10,11,0.909,0,2,2,3,2,0,3,3,34,-3,1
22022,201939,0022200704,"JAN 22, 2023",GSW vs. BKN,L,38,7,16,0.438,4,8,0.5,8,8,1.0,1,5,6,7,1,0,5,2,26,-8,1
22022,201939,0022200679,"JAN 19, 2023",GSW @ BOS,L,43,9,25,0.36,6,18,0.333,5,5,1.0,0,4,4,7,3,2,3,1,29,9,1
22022,201939,0022200660,"JAN 16, 2023",GSW @ WAS,W,38,12,28,0.429,6,15,0.4,11,12,0.917,1,6,7,2,0,0,4,1,41,14,1
22022,201939,0022200650,"JAN 15, 2023",GSW @ CHI,L,34,8,15,0.533,3,10,0.3,1,2,0.5,0,10,10,4,0,1,8,2,20,-9,1
22022,201939,0022200635,"JAN 13, 2023",GSW @ SAS,W,23,6,12,0.5,2,7,0.286,1,1,1.0,0,4,4,3,0,1,0,3,15,12,1
22022,201939,0022200615,"JAN 10, 2023",GSW vs. PHX,L,31,8,22,0.364,5,15,0.333,3,4,0.75,1,0,1,3,1,0,1,4,24,-19,1
22022,201939,0022200415,"DEC 14, 2022",GSW @ IND,L,30,11,19,0.579,5,10,0.5,11,11,1.0,1,6,7,7,2,1,3,2,38,-6,1
22022,201939,0022200410,"DEC 13, 2022",GSW @ MIL,L,27,6,17,0.353,3,10,0.3,5,5,1.0,2,4,6,1,1,1,2,0,20,-20,1
22022,201939,0022200392,"DEC 10, 2022",GSW vs. BOS,W,37,12,21,0.571,6,11,0.545,2,2,1.0,1,5,6,7,0,1,4,3,32,20,1
22022,201939,0022200359,"DEC 05, 2022",GSW vs. IND,L,38,3,17,0.176,2,10,0.2,4,4,1.0,0,4,4,6,1,0,3,2,12,-17,1
22022,201939,0022200342,"DEC 03, 2022",GSW vs. HOU,W,35,10,21,0.476,8,17,0.471,2,3,0.667,0,3,3,10,1,1,4,0,30,19,1
22022,201939,0022200336,"DEC 02, 2022",GSW vs. CHI,W,33,6,16,0.375,4,8,0.5,3,3,1.0,0,11,11,6,0,1,6,5,19,-1,1
22022,201939,0022200310,"NOV 29, 2022",GSW @ DAL,L,38,11,24,0.458,5,14,0.357,5,6,0.833,1,4,5,5,0,0,4,4,32,-12,1
22022,201939,0022200291,"NOV 27, 2022",GSW @ MIN,W,33,7,17,0.412,4,11,0.364,7,7,1.0,1,10,11,8,1,0,7,1,25,22,1
22022,201939,0022200284,"NOV 25, 2022",GSW vs. UTA,W,36,13,23,0.565,6,13,0.462,1,1,1.0,0,5,5,4,2,0,5,4,33,19,1
22022,201939,0022200271,"NOV 23, 2022",GSW vs. LAC,W,32,9,20,0.45,4,10,0.4,0,0,0.0,1,5,6,9,0,0,1,0,22,18,1
22022,201939,0022200245,"NOV 20, 2022",GSW @ HOU,W,37,11,20,0.55,7,14,0.5,4,5,0.8,0,6,6,15,3,2,1,3,33,23,1
22022,201939,0022200233,"NOV 18, 2022",GSW vs. NYK,W,34,9,19,0.474,5,13,0.385,1,3,0.333,0,6,6,10,2,0,5,2,24,18,1
22022,201939,0022200220,"NOV 16, 2022",GSW @ PHX,L,36,17,28,0.607,7,11,0.636,9,9,1.0,0,9,9,6,0,1,3,2,50,-14,1
22022,201939,0022200205,"NOV 14, 2022",GSW vs. SAS,W,27,5,11,0.455,3,7,0.429,3,3,1.0,1,4,5,5,1,0,1,1,16,17,1
22022,201939,0022200197,"NOV 13, 2022",GSW @ SAC,L,37,9,17,0.529,3,9,0.333,6,6,1.0,0,6,6,4,1,0,4,0,27,0,1
22022,201939,0022200182,"NOV 11, 2022",GSW vs. CLE,W,34,15,23,0.652,6,11,0.545,4,6,0.667,0,4,4,5,1,0,2,4,40,7,1
22022,201939,0022200156,"NOV 07, 2022",GSW vs. SAC,W,38,17,24,0.708,7,12,0.583,6,7,0.857,0,8,8,8,0,0,0,2,47,20,1
22022,201939,0022200118,"NOV 03, 2022",GSW @ ORL,L,38,13,22,0.591,8,15,0.533,5,5,1.0,1,2,3,9,0,0,5,3,39,4,1
22022,201939,0022200104,"NOV 01, 2022",GSW @ MIA,L,34,7,14,0.5,4,10,0.4,5,5,1.0,4,9,13,13,1,0,5,3,23,3,1
22022,201939,0022200091,"OCT 30, 2022",GSW @ DET,L,35,10,24,0.417,4,14,0.286,8,9,0.889,0,6,6,3,2,0,1,1,32,-12,1
22022,201939,0022200082,"OCT 29, 2022",GSW @ CHA,L,39,10,22,0.455,3,13,0.231,8,8,1.0,0,11,11,6,1,0,2,5,31,-6,1
22022,201939,0022200068,"OCT 27, 2022",GSW vs. MIA,W,37,13,22,0.591,7,14,0.5,0,0,0.0,1,6,7,9,1,0,3,0,33,13,1
22022,201939,0022200055,"OCT 25, 2022",GSW @ PHX,L,30,7,17,0.412,4,9,0.444,3,5,0.6,0,7,7,8,1,0,1,1,21,-17,1
22022,201939,0022200042,"OCT 23, 2022",GSW vs. SAC,W,31,11,22,0.5,7,12,0.583,4,4,1.0,0,5,5,2,1,0,2,3,33,19,1
22022,201939,0022200026,"OCT 21, 2022",GSW vs. DEN,L,36,10,22,0.455,5,11,0.455,9,9,1.0,1,4,5,4,0,0,3,2,34,9,1
22022,201939,0022200002,"OCT 18, 2022",GSW vs. LAL,W,33,10,22,0.455,4,13,0.308,9,9,1.0,1,5,6,7,4,1,4,1,33,20,1
